prediction_0_for_Cold_1_for_Hot,target
0.14427471,0
0.14427471,0
0.29669705,0
0.14427471,0
0.14427471,0
0.35017872,1
0.9026787,1
0.9026787,1
0.29669705,1
0.29669705,1
