feature,weight
intercept,-3.1288111961819162e-19
N,-0.19283149760262416
P,0.035034508363178396
K,0.19526406816002942
pH,0.0018266694830212432
humidity,0.008052437701361992
rainfall,0.03254409098753632
crop,-0.01301185748156775
yield,-0.03532772789836195
