feature,mean_importance
V13,0.011382318723491203
V15,0.012799813768431178
V11,0.016755791110384877
