feature,mean_importance
V11,-0.023408437411761972
V15,-0.00792862119603035
V13,0.008140068984690973
