feature,mean_importance
V15,0.004873094261845745
V11,0.005047395382856146
V13,0.013697345927524297
