feature,mean_importance
V13,-0.0009879460731677448
V11,0.019515008030783276
V15,0.030231660190059895
