feature,mean_importance
V15,0.0027955241513693886
V11,0.009621940956350628
V13,0.016179157069677874
