feature,shap_importance
2023-24,0.6634619493636157
State/UTs,0.2671164345782667
2022-23,0.13398598761831532
Sl. No.,0.0315610315420355
