feature,mean_importance
2022-23,-0.05016490843677683
State/UTs,-0.0330937569849427
Sl. No.,0.0001428787255808528
2023-24,0.3713244208311834
