feature,mean_importance
PlayTennis,-0.19202297202198987
Temperature,0.03111293724713775
Outlook,0.21656679848390192
