feature,mean_importance
PlayTennis,0.07181739323875255
Outlook,0.07726273638001373
Temperature,0.10542671205805525
