feature,mean_importance
Outlook,-0.07491257271084317
PlayTennis,-0.06873027490979004
Temperature,0.2553459145418424
