feature,mean_importance
PlayTennis,-0.3273193366289125
Outlook,-0.15358931535123854
Temperature,0.178279073057053
