feature,mean_importance
Outlook,0.008809881534110909
PlayTennis,0.08354673253109446
Temperature,0.10147003453507249
