feature,mean_importance
Outlook,-0.00255492499973875
PlayTennis,0.07201239189870216
Temperature,0.4802212792521597
