feature,mean_importance
Outlook,-0.12098535213506742
PlayTennis,-0.054874454726670005
Temperature,0.384444853639961
