feature,mean_importance
latitude,0.0019084368104201222
humidity,0.0032264060082008773
temperature,0.046269198065359604
longitude,0.09249039339176197
