feature,shap_importance
temperature,0.08550788248104894
longitude,0.07800927623976531
latitude,0.028920316664947102
humidity,0.024673366308408416
