feature,mean_importance
Outlook,-0.0074526678341364505
PlayTennis,0.010527832708414953
Temperature,0.015445200539529913
