feature,mean_importance
Outlook,0.004337292593597763
PlayTennis,0.007780460522830124
Temperature,0.07437965721777247
