feature,mean_importance
PlayTennis,0.0
Outlook,0.025293669879349244
Temperature,0.1966304672320541
