feature,mean_importance
PlayTennis,0.0020106568475818597
Outlook,0.011044829298919456
Temperature,0.0737170278343924
