feature,mean_importance
V15,-0.0009020354728926705
V11,-0.00024740221278169995
V13,0.004529052104116938
