feature,mean_importance
V15,-0.002698740929025156
V11,-0.0016385554444833695
V13,-4.521765920975085e-05
