feature,mean_importance
temperature,-0.0017767224004272108
longitude,0.00045356739411130944
latitude,0.0011180951963027485
wind_speed,0.004914451797985509
