feature,shap_importance
temperature,0.0722654128126121
latitude,0.026477363570510722
wind_speed,0.022963225018895153
longitude,0.015890900688902303
