feature,mean_importance
wind_speed,0.010651494523377415
pv_power,0.014711901084456252
irradiation,0.07103915145711752
predicted_irradiation,1.579009158937367
temperature,1.6000623826626565
