prediction,target
9.78737897098146,12.1
7.352060970830629,7.2
6.550791482450085,8.9
6.015588890042186,4.9
6.462454603852495,5.0
5.5970941270254,7.1
6.434007622110944,6.1
7.406611229416776,10.8
10.733788136757056,9.9
6.470725974306355,6.3
