feature,mean_importance
Temperature,0.11783368762858429
PlayTennis,0.2095537883653491
Outlook,0.2222515670806838
