feature,mean_importance
Outlook,-0.04235360651868518
Temperature,0.12229911902454116
PlayTennis,0.24730071734419656
