feature,mean_importance
Outlook,0.085690141773024
PlayTennis,0.1626871980297953
Temperature,0.2588363742199604
