feature,weight
intercept,0.1572915217414195
Outlook,-0.30673457779281527
Temperature,-1.073395417507161
PlayTennis,-0.17050315720327833
