feature,mean_importance
PlayTennis,-0.33604279985769414
Temperature,0.05390795000590851
Outlook,0.3639750178495015
