feature,mean_importance
Outlook,-0.03881212486251342
PlayTennis,0.05545762978288575
Temperature,0.06886218459761129
