feature,weight
intercept,0.10390223481924235
Outlook,-0.6721421229225547
Temperature,-0.6790929819080592
PlayTennis,-0.887214586598752
