feature,weight
intercept,0.07107176836233454
Outlook,-0.7447245752882111
Temperature,-0.5781247284340432
PlayTennis,-0.7683507860133073
