feature,weight
intercept,0.06944220604941526
Outlook,-0.8363311778865916
Temperature,-0.5630006046160316
PlayTennis,-0.7308700341633654
