feature,weight
intercept,0.08556831912407648
Outlook,-0.48552769468423257
Temperature,-0.7088539682196185
PlayTennis,-0.962037887371322
