feature,mean_importance
education,-0.005020449400742665
homeowner,-0.0035272359744795605
work_experience,0.0200901544437602
dependents,0.024217444377935042
age,0.03776351416029983
income,0.044454492046197946
credit_score,0.0628856184191485
city_size,0.08051695120310151
