feature,mean_importance
Windy,0.003836312052735072
PlayTennis,1.06124896417257
Temperature,1.461482480373913
