feature,mean_importance
Outlook,-0.018628354993124475
PlayTennis,0.03388017727227235
Temperature,0.04969308592879971
