feature,mean_importance
PlayTennis,0.031631851527026876
Outlook,0.04077051265015905
Temperature,0.10079850827230305
