feature,mean_importance
PlayTennis,-0.049360617156186004
Temperature,0.02935901153293128
Outlook,0.09751534465616088
