feature,mean_importance
Outlook,-0.01583526039574701
Temperature,0.009341665638439278
PlayTennis,0.022118598024957793
