feature,mean_importance
PlayTennis,0.013765146679025553
Outlook,0.01793314718077832
Temperature,0.048932106368244764
