feature,mean_importance
er_visits,-0.027835426999577174
school_absenteeism,-0.011847329953294539
poverty_rate,-0.006178152759735034
evictions,0.0
