feature,mean_importance
pv_power,-0.006845344704965156
wind_speed,-6.54870005672048e-05
irradiation,0.019972107814885072
temperature,0.5455353538859653
predicted_irradiation,0.9395300760787201
