feature,weight
intercept,1.236889691761466e-15
temperature,0.6302943027410448
wind_speed,-0.038137004848172285
irradiation,0.16157233985016675
pv_power,-0.03406440855441096
predicted_irradiation,-1.2114653007769536
