feature,mean_importance
pv_power,-0.00332736820454384
wind_speed,0.00273011281850129
irradiation,0.0746518495255832
temperature,0.8970337028656031
predicted_irradiation,2.5679910312626246
