feature,mean_importance
PlayTennis,-0.001708261313622561
Temperature,0.03320483237078944
Outlook,0.06943621887874526
