target,prediction
False,0.3530773
False,0.42634425
False,0.42634425
False,0.3530773
False,0.42634425
True,0.42634425
True,0.7947403
True,0.7947403
True,0.3530773
True,0.3530773
