feature,weight
intercept,-0.006332303701515527
Outlook,0.6233585434194241
Windy,-0.4357049242927448
PlayTennis,-0.336054154604031
