feature,mean_importance
PlayTennis,0.11102350683058015
Temperature,0.20970784752190835
Outlook,0.2211901759358997
