feature,mean_importance
Outlook,0.045515367243403416
PlayTennis,0.04680456200563796
Temperature,0.08362201268861917
