feature,mean_importance
Outlook,0.011839791437938497
Temperature,0.015891133163333702
PlayTennis,0.03005997319103961
