feature,mean_importance
PlayTennis,-0.0850877588400171
Outlook,0.031964994902542544
Temperature,0.06473610793266227
