feature,mean_importance
Outlook,0.10375232167642927
PlayTennis,0.1200875317545638
Temperature,0.14006818657593464
