feature,mean_importance
Sl. No.,0.0
State/UTs,0.0
2022-23,0.05142222222222372
2023-24,12.795222222222225
