target,prediction
12.1,9.1
7.2,8.733333333333336
8.9,4.8999999999999995
4.9,4.8999999999999995
5.0,8.733333333333336
7.1,2.9
6.1,8.733333333333336
10.8,8.733333333333336
9.9,13.066666666666668
6.3,8.733333333333336
