feature,mean_importance
V15,-0.00034897403793596735
V11,0.005516463499347956
V13,0.00963731094709539
