feature,mean_importance
V11,0.0038310177014015514
V13,0.010655869671289597
V15,0.014828505008695569
