feature,mean_importance
V11,-0.006167781962940211
V15,-0.0014817998825214617
V13,0.013696235777981892
