feature,mean_importance
V11,-0.0028061405713555978
V13,0.0002728488337300439
V15,0.0025823317740217623
