feature,mean_importance
V11,0.0014993992721902716
V13,0.0024443941044604454
V15,0.0033900805159701175
