feature,mean_importance
V15,-0.013813299807578172
V11,-0.00010393942081967644
V13,0.008699064143298175
