feature,mean_importance
V15,-0.018075438303183634
V11,-0.016640258648094996
V13,0.014158283484504897
