feature,mean_importance
V11,-0.0015439917272115134
V13,0.01000678695357764
V15,0.011178025546708058
