feature,mean_importance
V11,-0.003823115853607284
V13,0.01529887744995182
V15,0.01928620813233297
