feature,mean_importance
V15,0.002862892028753983
V13,0.004242487219494606
V11,0.009551710738279517
