feature,mean_importance
V15,-0.0035600045626367205
V11,-0.0025570705926813097
V13,0.0015482711742771827
