feature,mean_importance
V15,-0.00340116423306529
V13,-0.0030694723681226497
V11,-0.0019057238423417998
