feature,mean_importance
longitude,-0.15313364308128427
latitude,0.0
wind_speed,0.15058726792643712
humidity,2.7753869701986305
