feature,shap_importance
humidity,1.138452335580056
wind_speed,1.1201196292918512
longitude,0.31791427486199414
latitude,0.0
