target,prediction
0,0.11705743687662709
1,0.7132296673757985
0,0.08139512290065003
1,0.9245651588457497
1,0.9958588430318501
0,0.03174505057725448
0,0.012014701953962719
0,0.016529582741093566
1,0.7132296673757985
1,0.9245651588457497
