feature,mean_importance
PlayTennis,0.002932131517243808
Temperature,0.025317618957481546
Outlook,0.050702160057533543
