target,prediction
False,0.4759628935977079
False,0.4170251102662722
False,0.4170251102662722
False,0.4759628935977079
False,0.4170251102662722
True,0.4170251102662722
True,0.6328501060058802
True,0.6328501060058802
True,0.4759628935977079
True,0.4759628935977079
