feature,mean_importance
PlayTennis,0.040374752093066665
Temperature,0.1388607265067153
Outlook,0.17920119071770663
