feature,mean_importance
Temperature,0.004589533382607103
Outlook,0.020024129110616885
PlayTennis,0.026814382552011164
