feature,mean_importance
PlayTennis,-0.0034216281514358516
Temperature,0.018214649955211028
Outlook,0.08214712890725114
