feature,mean_importance
PlayTennis,0.013961195721031739
Outlook,0.04167080924282855
Temperature,0.04789331128872585
