feature,mean_importance
PlayTennis,-0.04643711253977241
Temperature,0.021340650463718625
Outlook,0.08217015801877818
