feature,mean_importance
Temperature,0.19366433610421446
Outlook,0.20519038529232425
PlayTennis,0.2729925199915565
