feature,mean_importance
PlayTennis,0.0017071283531721714
Outlook,0.004151765387425388
Temperature,0.1328455159715526
