feature,mean_importance
Outlook,0.02043407268579924
Temperature,0.07766345993140444
PlayTennis,0.28280178524497745
