feature,mean_importance
Outlook,-0.03501877837295719
PlayTennis,0.0
Temperature,0.022248070360135742
