feature,mean_importance
Outlook,-0.004261226674231589
PlayTennis,0.0
Temperature,0.02060628302531491
