feature,mean_importance
Total labour force in the city _age 15to59,0.1269620970197646
No. of employed persons,0.16719172955379438
Year,0.2602176618448876
