Learner 1,Learner 2,Learner 3,Learner 4,Learner 5,counter
0.98877251574374,-0.0172378978207971,1.8423143198985463,-0.0108909887506819,-0.0028217662686167,5
0.5426090545226264,-0.0306376881366627,0.0247028057929427,0.0387992313492938,0.0154905265975931,3
0.1153125999124999,0.0,0.1312872849109409,0.3062925742240211,0.0050003231457788,3
0.008060059693151,0.0442986138857569,0.1175346540945399,0.029107010562306,0.005250008787401,2
