feature,weight
intercept,-4.0520744196189076e-16
Y,0.9022378281959321
