feature,mean_importance
Outlook,1.1102230246251565e-16
Windy,1.1102230246251565e-16
PlayTennis,1.1102230246251565e-16
