feature,mean_importance
V15,-0.002688458043261499
V11,-0.00224452952708043
V13,0.010876957436948831
