feature,mean_importance
V13,-0.01404332720863093
V15,0.0043108484599605704
V11,0.011456781846512554
