feature,mean_importance
PlayTennis,-0.009664808692305526
Outlook,0.04667023775370083
Temperature,0.08640385695668389
