feature,mean_importance
PlayTennis,0.010605715153048933
Outlook,0.021483277641471732
Temperature,0.35716010577159113
