feature,mean_importance
PlayTennis,0.010442355633214473
Outlook,0.013961022857597838
Temperature,0.11382786230021683
