feature,mean_importance
Outlook,0.0026618950999550252
Temperature,0.16988869716257785
PlayTennis,0.30023159710468983
