feature,mean_importance
Outlook,-0.0793549950774265
PlayTennis,-0.045047630472562016
Temperature,0.15826525284717657
