target,prediction
0,0.06969668
1,0.9303033
0,0.06969668
1,0.9303033
1,0.9303033
0,0.06969668
0,0.06969668
0,0.06969668
1,0.9303033
1,0.9303033
