feature,mean_importance
V11,-0.0020850151532889605
V15,-0.0005613852043094391
V13,0.00025932356391624725
