feature,mean_importance
V15,-0.003458614847411923
V13,-0.003093868352784668
V11,-0.0018914355463995002
