feature,mean_importance
V15,0.0008917791373916906
V11,0.0028255622027687057
V13,0.007087940913646928
