feature,shap_importance
er_visits,0.21620465477982065
evictions,0.0719181255295649
school_absenteeism,0.06929561687469465
poverty_rate,0.059143388508321765
