feature,mean_importance
er_visits,-0.12566304071665416
poverty_rate,-0.04341538854693159
evictions,0.008198941300392493
school_absenteeism,0.01799659409232999
