feature,mean_importance
Windy,-0.050798429302789216
PlayTennis,0.00488030633781531
Outlook,0.14433949037053564
