feature,mean_importance
V11,-0.004838144316717785
V13,0.0008568291529109873
V15,0.002002802991131758
