feature,mean_importance
V11,-0.015947803785542836
V15,-0.005456730523512121
V13,0.0008479233486819338
