feature,mean_importance
V13,-0.017725826512412456
V11,-0.0073882293972508785
V15,0.021619319407895122
