feature,mean_importance
V15,0.0007881773514112122
V11,0.0031549931181471093
V13,0.004820263863600571
