feature,mean_importance
V15,-0.010108356343487746
V11,0.0182203176612445
V13,0.02695009955723151
