feature,mean_importance
work_experience,-0.022437174554221572
education,0.01067629414654434
credit_score,0.014915173856204545
dependents,0.03611944549767001
city_size,0.044115334560408684
homeowner,0.05563796756999192
age,0.07594846692737688
income,0.1372163215283225
