feature,mean_importance
V15,-0.005708600726211222
V11,0.001237273391740823
V13,0.032733610211876485
