feature,mean_importance
V15,-0.009437781864813055
V13,0.013539184005753158
V11,0.014781471211218533
