feature,mean_importance
V15,0.001857264865999575
V13,0.019719645250378993
V11,0.041163600685171796
