feature,mean_importance
V15,-0.002688458043261499
V11,-0.002244529527080452
V13,0.010876957436948808
