feature,mean_importance
Temperature,0.07246352437128549
Outlook,0.21031682531685014
PlayTennis,1.3288134916830276
