feature,mean_importance
PlayTennis,0.00584095300817331
Outlook,0.00926954792181467
Temperature,0.1084190222213609
