feature,mean_importance
Outlook,-0.028116977376124352
PlayTennis,0.0
Temperature,0.015077843213934817
