feature,mean_importance
Temperature,0.16063338657604626
Outlook,1.056126250124043
PlayTennis,1.5762896867385403
