feature,mean_importance
Outlook,-0.009643234071637741
PlayTennis,0.0
Temperature,0.01620422773710519
