target,prediction_0_for_Cold_1_for_Hot
0,0.35562816237876854
0,0.35562816237876854
0,0.3970218096800049
0,0.35562816237876854
0,0.35562816237876854
1,0.0927263650827451
1,0.5936637921372422
1,0.5936637921372422
1,0.19918238701379928
1,0.19918238701379928
