feature,mean_importance
No. of employed persons,0.14706746246854013
Total labour force in the city _age 15to59,0.44349124212058016
Year,0.6006809003287343
