feature,mean_importance
Temperature,0.0033026762045611944
Outlook,0.012077914524343748
PlayTennis,0.024395489430495586
