feature,mean_importance
Temperature,0.04941562771775523
PlayTennis,0.1617947690742102
Outlook,0.4230363077867195
