feature,mean_importance
Outlook,-0.03532988434447555
PlayTennis,-0.004734349513418845
Temperature,0.15881393684356326
