feature,mean_importance
PlayTennis,-0.12872315677546212
Temperature,0.027867244503143616
Outlook,0.29646463798458145
