feature,mean_importance
PlayTennis,0.00976528153158327
Outlook,0.04201836253691169
Temperature,0.06896094729838771
