feature,mean_importance
Outlook,-0.004875114606964703
Temperature,-0.00403746136117209
PlayTennis,0.043869140835378365
