feature,mean_importance
PlayTennis,0.04878953446566638
Temperature,0.062405124552853034
Outlook,0.06822834849908724
