feature,mean_importance
PlayTennis,0.0046562032070071036
Outlook,0.059768215438138685
Temperature,0.08397784482536386
