feature,mean_importance
PlayTennis,-0.008016872382073159
Temperature,0.08359690130242259
Outlook,0.18520403099604482
