feature,mean_importance
PlayTennis,-0.07914858342485065
Temperature,0.03231550115785633
Outlook,0.11794380032689995
