feature,mean_importance
Windy,0.005504997429059716
PlayTennis,0.8773695031667568
Temperature,1.18507505477114
