,Overcast,Rain,Sunny
intercept,-0.1313433274870738,0.05821121213684371,0.07313211535022922
Temperature,0.8996508940192208,-1.8835010110322714,0.9838501170130503
Windy,0.14693676933690736,0.08713539952252027,-0.23407216885942736
PlayTennis,1.493137232821774,-0.033050281322770894,-1.4600869514990023
