feature,mean_importance
age,-6.661338147750939e-17
education,-4.4408920985006264e-17
city_size,-4.4408920985006264e-17
income,-2.2204460492503132e-17
work_experience,-2.2204460492503132e-17
credit_score,-2.2204460492503132e-17
homeowner,-2.2204460492503132e-17
dependents,0.0
