target,prediction
0,0.49999999999999994
1,0.49999999999999994
0,0.49999999999999994
1,0.49999999999999994
1,0.49999999999999994
0,0.49999999999999994
0,0.49999999999999994
0,0.49999999999999994
1,0.49999999999999994
1,0.49999999999999994
