feature,mean_importance
PlayTennis,0.024756705302055683
Outlook,0.054185029220877576
Temperature,0.2125403634065753
