feature,mean_importance
Outlook,0.008853290624116151
PlayTennis,0.046322495337139634
Temperature,0.12410500374795222
