feature,mean_importance
Temperature,-0.006353731708930233
Outlook,0.018684454311350886
PlayTennis,0.07435909371531893
