feature,mean_importance
PlayTennis,-0.10262900556072008
Outlook,0.034020580397929566
Temperature,0.05952331281333345
