feature,mean_importance
PlayTennis,0.045639780588890864
Outlook,0.0895700796326513
Temperature,0.3004768606884824
