feature,mean_importance
Outlook,-2.2204460492503132e-17
Temperature,-2.2204460492503132e-17
PlayTennis,-2.2204460492503132e-17
