target,prediction
False,0.49999999999999994
False,0.49999999999999994
False,0.49999999999999994
False,0.49999999999999994
False,0.49999999999999994
True,0.49999999999999994
True,0.49999999999999994
True,0.49999999999999994
True,0.49999999999999994
True,0.49999999999999994
