prediction,target
0.3333333333333333,False
0.4117647058823529,False
0.4117647058823529,False
0.3333333333333333,False
0.4117647058823529,False
0.4117647058823529,True
1.0,True
1.0,True
0.3333333333333333,True
0.3333333333333333,True
