feature,mean_importance
State/UTs,-0.05675210468800056
2022-23,-0.051736554125377185
Sl. No.,-0.03997116189423957
2023-24,0.3410820884799313
