target,prediction
12.099999999999998,9.893152564867275
7.2,5.265547482441045
8.9,4.204049671873223
4.9,3.8964020772843004
5.0,4.728675934262638
7.1,3.547746534517918
6.1,4.573793112452582
10.8,5.466850347767959
9.900000000000002,11.172973502146807
6.3,4.4129953477821235
