feature,shap_importance
yield,0.1264801690854114
humidity,0.092133572058847
N,0.060002416408864404
rainfall,0.04596638048711631
K,0.0237832552136752
P,0.0
pH,0.0
crop,0.0
