feature,mean_importance
irradiation,-0.016897251584323772
pv_power,-0.016490428719103396
wind_speed,0.0020810350866704826
temperature,0.9268878858708792
predicted_irradiation,1.7551264827824622
