feature,mean_importance
latitude,0.023911402862809572
humidity,0.05653739893156784
temperature,0.06210826395525917
longitude,0.07034858645256273
