target,prediction
0,0.345495134110519
1,0.43343617769244264
0,0.33592851923684885
1,0.674340072768093
1,0.7422839256654488
0,0.2908196478900015
0,0.26936264833092755
0,0.2729244437992402
1,0.43343617769244264
1,0.674340072768093
