feature,mean_importance
V13,-0.0031678844530800055
V11,0.0025775494184013146
V15,0.005758078206077588
