feature,mean_importance
V15,-0.00036396338889987945
V11,0.0009528505429633683
V13,0.004855662341220946
