feature,mean_importance
V13,-0.010379976477669616
V11,-0.0018285974772080493
V15,0.012244202179284791
