feature,mean_importance
V13,-0.006283819265041646
V11,-0.005642373899716691
V15,-0.005002348427430703
