feature,mean_importance
V15,-0.010853788213288418
V11,0.0064418405352083315
V13,0.05896256344677227
