target,prediction
12.099999999999998,7.082032387235395
7.2,7.082032387235395
8.9,7.082032387235395
4.9,7.082032387235395
5.0,7.082032387235395
7.1,7.082032387235395
6.1,7.082032387235395
10.8,7.082032387235395
9.900000000000002,7.082032387235395
6.3,7.082032387235395
