feature,mean_importance
V15,-0.02305552389408181
V11,-0.021791192398676617
V13,-0.013193229671574259
