feature,mean_importance
V13,0.017160734582339465
V11,0.02261761479303468
V15,0.052555505084917395
