feature,mean_importance
V15,-0.001209229169131709
V11,0.011174175069896108
V13,0.01953826476728062
