feature,mean_importance
V11,-0.014708437967818622
V15,-0.004367040556312207
V13,0.010077073827148841
