feature,mean_importance
V15,-0.008946831349661188
V11,-0.008017811803539355
V13,-0.004764061456314384
