feature,shap_importance
er_visits,0.39988164780300695
evictions,0.3016268454658884
poverty_rate,0.021117970745540143
school_absenteeism,0.0017281535954878037
