feature,mean_importance
PlayTennis,0.02346769671855058
Outlook,0.03219214695106683
Temperature,0.055897901952531304
