feature,mean_importance
Outlook,0.10371370875912596
PlayTennis,0.10989351477318812
Temperature,0.13847494671589566
