feature,mean_importance
Temperature,0.020097307800576412
PlayTennis,0.05215158519961409
Outlook,0.06204503221416433
