feature,mean_importance
Outlook,0.17402368809480903
PlayTennis,0.2601941411224612
Temperature,0.3836490106129271
