feature,mean_importance
PlayTennis,-0.06334563655354186
Outlook,0.013622671216844929
Temperature,0.03945800688472809
