feature,mean_importance
Outlook,-0.021576588532353724
PlayTennis,0.21256279104592773
Temperature,0.3049582696391381
