feature,mean_importance
PlayTennis,-0.23272384385328587
Outlook,0.11466688689009692
Temperature,0.1420342807417599
