feature,mean_importance
Outlook,0.07868715091541692
PlayTennis,0.17646953330971707
Temperature,0.44437606429421556
