feature,mean_importance
Outlook,0.020878551582684635
PlayTennis,0.027188132067091208
Temperature,0.17459773968769682
