feature,mean_importance
Outlook,-0.05957957095758724
Temperature,0.1860193693347477
PlayTennis,0.2811537297464297
