feature,mean_importance
Temperature,0.003450970801880837
Outlook,0.0076697088591764825
PlayTennis,0.022332486873393242
