feature,mean_importance
PlayTennis,0.0456582768476876
Temperature,0.18229658478301033
Outlook,0.29607896999950734
