feature,mean_importance
PlayTennis,0.028741467040875702
Outlook,0.08148024250876695
Temperature,0.10567391589600668
