feature,mean_importance
PlayTennis,-0.03526855596588261
Outlook,0.01615550659810334
Temperature,0.02865001268213534
