feature,mean_importance
Outlook,0.032013737830290066
PlayTennis,0.04543130955004073
Temperature,0.06960954354457012
