feature,mean_importance
longitude,-0.02723422986793824
wind_speed,-0.0003238444097826143
latitude,0.0025071534282842924
temperature,0.005539319074377214
