target,prediction_0_for_Cold_1_for_Hot
0,0.16666666666666666
0,0.16666666666666666
0,0.16666666666666666
0,0.16666666666666666
0,0.16666666666666666
1,0.16666666666666666
1,1.0
1,1.0
1,0.16666666666666666
1,0.16666666666666666
