feature,mean_importance
wind_speed,-0.0004004937360939431
longitude,-0.00012204794274277564
latitude,0.0019287204907341149
temperature,0.002772997819223999
