feature,shap_importance
temperature,0.03701409403313911
latitude,0.03267098827202632
longitude,0.0301165340806203
humidity,0.00338380474553197
