feature,mean_importance
humidity,-0.0008415463537528644
latitude,0.004196133617088238
longitude,0.011585059981274393
temperature,0.015071691621143968
