feature,weight
intercept,-3.8253420842046086e-17
temperature,0.04492316372513798
humidity,-0.0040240709133115005
latitude,-0.03651407270433688
longitude,0.041348410868960274
