feature,mean_importance
humidity,0.004567642148194562
latitude,0.006740532893748074
longitude,0.009692767178215322
wind_speed,0.012601270052828984
