feature,weight
intercept,1.645726448364992e-16
humidity,0.08298428176323244
wind_speed,0.07057332268658542
latitude,0.04523527215784887
longitude,-0.05461412394695104
