feature,shap_importance
humidity,0.06978073013229014
wind_speed,0.06294248717834551
latitude,0.04047428667072427
longitude,0.03977875063552427
