target,prediction_0_for_Cold_1_for_Hot
0,0.4994637916285687
0,0.4994637916285687
0,0.10648336712032605
0,0.4994637916285687
0,0.4994637916285687
1,0.4994637916285687
1,0.6998620598515011
1,0.6998620598515011
1,0.17910704276330203
1,0.17910704276330203
