feature,weight
intercept,-1.0142286768161896e-16
Sl. No.,-0.013287844203916314
State/UTs,-0.11246151958798423
2022-23,-0.2330155132679408
2023-24,0.772128965756008
