target,prediction
12.099999999999998,12.565659900097582
7.2,6.34848589259798
8.9,5.123485352296741
4.9,3.9715171604874224
5.0,5.312114301918346
7.1,3.686340825013035
6.1,5.226773356693695
10.8,6.512136668356421
9.900000000000002,15.404887397424368
6.3,5.336928413279929
