feature,mean_importance
city_size,-6.661338147750939e-17
dependents,-6.661338147750939e-17
work_experience,-4.4408920985006264e-17
age,-2.2204460492503132e-17
income,-2.2204460492503132e-17
education,-2.2204460492503132e-17
credit_score,0.0
homeowner,0.0
