target,prediction
12.1,8.085185185185185
7.2,8.085185185185185
8.9,8.085185185185185
4.9,8.085185185185185
5.0,8.085185185185185
7.1,8.085185185185185
6.1,8.085185185185185
10.8,8.085185185185185
9.9,8.085185185185185
6.3,8.085185185185185
