feature,mean_importance
PlayTennis,0.024702805792942734
Temperature,0.11753465409453998
Outlook,0.13128728491094094
random_feature,1.8423143198985463
