feature,mean_importance
random_feature,-0.010890988750681974
Temperature,0.02910701056230607
PlayTennis,0.038799231349293826
Outlook,0.3062925742240211
