feature,mean_importance
PlayTennis,-0.030637688136662768
random_feature,-0.01723789782079712
Outlook,0.0
Temperature,0.044298613885756954
