feature,mean_importance
Temperature,0.008060059693151067
Outlook,0.11531259991249998
PlayTennis,0.5426090545226264
random_feature,0.9887725157437401
