feature,mean_importance
PlayTennis,-0.002392317492101026
Outlook,0.0018131261773024487
Temperature,0.005987363672239976
