feature,mean_importance
PlayTennis,0.0035800300542759176
Temperature,0.008584271048803615
Outlook,0.015170690149103595
