feature,mean_importance
PlayTennis,-0.009183117449998557
Temperature,0.011355603199746045
Outlook,0.017951922512305617
