feature,mean_importance
Temperature,0.00619737745384692
PlayTennis,0.016338801799931257
Outlook,0.02137212852294852
