feature,mean_importance
Outlook,-0.06979601985349719
PlayTennis,-0.016087143593822795
Temperature,-0.00770841745074875
