feature,mean_importance
V11,-0.0015955951461555928
V15,-0.0011129095506285714
V13,0.0015202672650528547
