feature,mean_importance
Outlook,-4.4408920985006264e-17
Windy,-4.4408920985006264e-17
PlayTennis,-4.4408920985006264e-17
