feature,shap_importance
2023-24,2.1391600529100536
2022-23,0.4451080246913586
Sl. No.,0.0
State/UTs,0.0
