feature,mean_importance
Outlook,-0.009562092634348884
PlayTennis,0.0
Temperature,0.01611040765006757
