feature,mean_importance
Temperature,0.07071844793576931
Outlook,0.23135145370370766
PlayTennis,1.3966042610689378
