feature,mean_importance
Outlook,-0.021385121055961975
PlayTennis,0.0
Temperature,0.011518164097857175
