feature,mean_importance
PlayTennis,0.006929990897517535
Outlook,0.01070801469045013
Temperature,0.10646012480909876
