feature,mean_importance
Temperature,0.164211025074652
Outlook,0.9751998002830893
PlayTennis,1.4667197350323928
