feature,mean_importance
PlayTennis,0.01576209411785957
Outlook,0.0684273760326248
Temperature,0.15032732480625902
