feature,mean_importance
PlayTennis,-0.022304463550776754
Outlook,0.009207277566978455
Temperature,0.01160822432243742
