feature,mean_importance
PlayTennis,0.041340065177057704
Outlook,0.12763724563150664
Temperature,0.2649870865053484
