feature,mean_importance
Temperature,0.0022414570524253775
Outlook,0.032499530239009825
PlayTennis,0.06907907068672008
