feature,mean_importance
Outlook,0.027067697585004803
PlayTennis,0.045279494313238876
Temperature,0.05387596027042281
