feature,mean_importance
wind_speed,-0.002320484201297912
longitude,0.0003203928369535758
temperature,0.003593208596631747
latitude,0.006131407266900091
