feature,weight
intercept,-7.26757461062307e-17
temperature,0.1020327350651936
wind_speed,-0.01802448884693471
latitude,-0.0376765824558712
longitude,-0.00827960829976021
