feature,shap_importance
temperature,0.0840690845655672
latitude,0.03371114456371226
wind_speed,0.016075566729127046
longitude,0.006030536610564186
