feature,mean_importance
P,0.0
pH,0.0
crop,0.0
N,0.0761516800000031
yield,0.09687485648157904
rainfall,0.1275836948422338
K,0.25359919375000073
humidity,0.3964548276924432
