feature,weight
intercept,0.08277841679089953
Outlook,-0.6107932821044931
Temperature,-0.6174509987717622
PlayTennis,-0.8659455275394757
