feature,shap_importance
PlayTennis,0.9144973131966921
Outlook,0.6708716040203727
Temperature,0.4963519486242472
