feature,mean_importance
PlayTennis,0.04619596407945899
Temperature,0.046411713707797085
Outlook,0.24346147941147414
