target,prediction
False,0.3148206325874076
False,0.43373148281855
False,0.43373148281855006
False,0.3148206325874076
False,0.43373148281855
True,0.43373148281855006
True,0.8766832524178093
True,0.8766832524178093
True,0.3148206325874076
True,0.3148206325874076
