feature,mean_importance
2022-23,-0.017992906985652375
Sl. No.,0.0
State/UTs,0.0
2023-24,0.20421445997607207
