target,prediction
12.099999999999998,8.711291827661611
7.2,7.622511834708724
8.9,6.443703909868328
4.9,5.990064324453953
5.0,5.990064324453953
7.1,5.01975637087798
6.1,5.990064324453953
10.8,7.622511834708724
9.900000000000002,8.711291827661611
6.3,5.990064324453953
