feature,mean_importance
school_absenteeism,-0.08746199168804702
er_visits,-0.05971860334079206
poverty_rate,-0.015176315631130977
evictions,-0.0022935733939982938
