feature,shap_importance
er_visits,0.24401485516616297
school_absenteeism,0.08068673742061684
poverty_rate,0.019733945084508913
evictions,0.008846227342652642
