feature,weight
intercept,1.068554426953299e-16
evictions,0.010748043888438212
school_absenteeism,0.10390196364214266
poverty_rate,0.021040032538845965
er_visits,0.26292961341979504
