feature,mean_importance
Windy,0.022801437977249327
PlayTennis,1.2732641597470284
Temperature,1.31557809678682
