feature,mean_importance
wind_speed,-0.004950503403749073
humidity,0.0038422209929338757
longitude,0.003986228051807461
latitude,0.00793223006603272
