feature,shap_importance
temperature,0.49685215819125655
longitude,0.47066728494319443
humidity,0.02065509010100999
latitude,0.0
