feature,mean_importance
humidity,-0.09614557333333237
latitude,0.0
temperature,0.3667672539804087
longitude,1.6348990190124908
