feature,mean_importance
humidity,-0.0036314390052411215
latitude,0.0028908354671875356
longitude,0.003672919032240296
temperature,0.006530908607247676
