feature,mean_importance
PlayTennis,-0.022583956711827648
Outlook,0.02855715664315135
Temperature,0.03154934209542539
