feature,mean_importance
Outlook,0.00227011341521155
PlayTennis,0.006586137578912532
Temperature,0.05506751547570214
