feature,mean_importance
Outlook,-0.021633227264333987
PlayTennis,0.18694837633101333
Temperature,0.2733038888279296
