feature,mean_importance
PlayTennis,0.01265431123582581
Outlook,0.025265784928073787
Temperature,0.1214915243103496
