feature,mean_importance
PlayTennis,-0.013889274628751735
Outlook,-0.006709787821228041
Temperature,0.008389720895637786
