feature,mean_importance
school_absenteeism,-0.0954373794685914
er_visits,-0.03662977720460492
poverty_rate,-0.006580730592449635
evictions,0.02831811912264375
