feature,mean_importance
Windy,-0.012641468119664833
PlayTennis,0.15950223846147932
Outlook,0.40983148166386857
