feature,mean_importance
PlayTennis,-0.049598795237331794
Outlook,-0.02762408785251167
Windy,0.07252450842730884
