feature,mean_importance
longitude,-0.0008113350424992394
wind_speed,-0.0004593369210303511
latitude,0.0006213154332348925
humidity,0.00471584116265813
