feature,mean_importance
Outlook,4.4408920985006264e-17
PlayTennis,6.661338147750939e-17
Windy,8.881784197001253e-17
