target,prediction_0_for_Cold_1_for_Hot
0,0.49999999999999994
0,0.49999999999999994
0,0.49999999999999994
0,0.49999999999999994
0,0.49999999999999994
1,0.49999999999999994
1,0.49999999999999994
1,0.49999999999999994
1,0.49999999999999994
1,0.49999999999999994
