feature,shap_importance
temperature,2.462886078187454
wind_speed,0.6730685927602468
latitude,0.656415413465073
longitude,0.0
