feature,mean_importance
wind_speed,-9.9770136276745
longitude,0.0
latitude,19.464113310961103
temperature,19.92632932092156
