feature,shap_importance
Outlook,0.6619952913722515
Windy,0.4802646343208397
PlayTennis,0.33267664019299187
