feature,mean_importance
PlayTennis,-6.661338147750939e-17
Outlook,-2.2204460492503132e-17
Windy,-2.2204460492503132e-17
