feature,shap_importance
humidity,0.11441896801659683
wind_speed,0.0822414270318602
longitude,0.03862930478236646
latitude,0.022177869069411316
