feature,mean_importance
wind_speed,-0.005789539782948006
latitude,-0.0035070898180717515
longitude,0.002696502739579243
humidity,0.0027646629554877846
